{"name":null,"assets":"aoy4:pathy42:assets%2Fgraphics%2F1.5x%2Fsprite-20-0.pngy4:sizei1358y4:typey5:IMAGEy2:idR1y7:preloadtgoR0y42:assets%2Fgraphics%2F1.5x%2Fsprite-20-1.pngR2i1701R3R4R5R7R6tgoR0y42:assets%2Fgraphics%2F1.5x%2Fsprite-20-2.pngR2i799R3R4R5R8R6tgoR0y42:assets%2Fgraphics%2F1.5x%2Fsprite-22-0.pngR2i1207R3R4R5R9R6tgoR0y42:assets%2Fgraphics%2F1.5x%2Fsprite-22-1.pngR2i1635R3R4R5R10R6tgoR0y42:assets%2Fgraphics%2F1.5x%2Fsprite-22-2.pngR2i676R3R4R5R11R6tgoR0y42:assets%2Fgraphics%2F1.5x%2Fsprite-28-0.pngR2i852R3R4R5R12R6tgoR0y42:assets%2Fgraphics%2F1.5x%2Fsprite-28-1.pngR2i628R3R4R5R13R6tgoR0y40:assets%2Fgraphics%2F1.5x%2Ftileset-0.pngR2i33552R3R4R5R14R6tgoR0y41:assets%2Fgraphics%2F1.5x%2Ftileset-32.pngR2i7445R3R4R5R15R6tgoR0y40:assets%2Fgraphics%2F1x%2Fsprite-20-0.pngR2i325R3R4R5R16R6tgoR0y40:assets%2Fgraphics%2F1x%2Fsprite-20-1.pngR2i427R3R4R5R17R6tgoR0y40:assets%2Fgraphics%2F1x%2Fsprite-20-2.pngR2i192R3R4R5R18R6tgoR0y40:assets%2Fgraphics%2F1x%2Fsprite-22-0.pngR2i525R3R4R5R19R6tgoR0y40:assets%2Fgraphics%2F1x%2Fsprite-22-1.pngR2i431R3R4R5R20R6tgoR0y40:assets%2Fgraphics%2F1x%2Fsprite-22-2.pngR2i207R3R4R5R21R6tgoR0y40:assets%2Fgraphics%2F1x%2Fsprite-28-0.pngR2i364R3R4R5R22R6tgoR0y40:assets%2Fgraphics%2F1x%2Fsprite-28-1.pngR2i262R3R4R5R23R6tgoR0y38:assets%2Fgraphics%2F1x%2Ftileset-0.pngR2i4882R3R4R5R24R6tgoR0y39:assets%2Fgraphics%2F1x%2Ftileset-32.pngR2i3356R3R4R5R25R6tgoR0y40:assets%2Fgraphics%2F2x%2Fsprite-20-0.pngR2i1529R3R4R5R26R6tgoR0y40:assets%2Fgraphics%2F2x%2Fsprite-20-1.pngR2i1743R3R4R5R27R6tgoR0y40:assets%2Fgraphics%2F2x%2Fsprite-20-2.pngR2i840R3R4R5R28R6tgoR0y40:assets%2Fgraphics%2F2x%2Fsprite-22-0.pngR2i1526R3R4R5R29R6tgoR0y40:assets%2Fgraphics%2F2x%2Fsprite-22-1.pngR2i1670R3R4R5R30R6tgoR0y40:assets%2Fgraphics%2F2x%2Fsprite-22-2.pngR2i725R3R4R5R31R6tgoR0y40:assets%2Fgraphics%2F2x%2Fsprite-28-0.pngR2i1067R3R4R5R32R6tgoR0y40:assets%2Fgraphics%2F2x%2Fsprite-28-1.pngR2i755R3R4R5R33R6tgoR0y38:assets%2Fgraphics%2F2x%2Ftileset-0.pngR2i45964R3R4R5R34R6tgoR0y39:assets%2Fgraphics%2F2x%2Ftileset-32.pngR2i9672R3R4R5R35R6tgoR0y40:assets%2Fgraphics%2F4x%2Fsprite-20-0.pngR2i4982R3R4R5R36R6tgoR0y40:assets%2Fgraphics%2F4x%2Fsprite-20-1.pngR2i5598R3R4R5R37R6tgoR0y40:assets%2Fgraphics%2F4x%2Fsprite-20-2.pngR2i2394R3R4R5R38R6tgoR0y40:assets%2Fgraphics%2F4x%2Fsprite-22-0.pngR2i4583R3R4R5R39R6tgoR0y40:assets%2Fgraphics%2F4x%2Fsprite-22-1.pngR2i5364R3R4R5R40R6tgoR0y40:assets%2Fgraphics%2F4x%2Fsprite-22-2.pngR2i2084R3R4R5R41R6tgoR0y40:assets%2Fgraphics%2F4x%2Fsprite-28-0.pngR2i3153R3R4R5R42R6tgoR0y40:assets%2Fgraphics%2F4x%2Fsprite-28-1.pngR2i2195R3R4R5R43R6tgoR0y38:assets%2Fgraphics%2F4x%2Ftileset-0.pngR2i139273R3R4R5R44R6tgoR0y39:assets%2Fgraphics%2F4x%2Ftileset-32.pngR2i34194R3R4R5R45R6tgoR0y36:assets%2Fgraphics%2Fdefault-font.fntR2i10791R3y4:TEXTR5R46R6tgoR0y36:assets%2Fgraphics%2Fdefault-font.pngR2i1736R3R4R5R48R6tgoR2i210721R3y5:MUSICR5y28:assets%2Fmusic%2Fsound-2.mp3y9:pathGroupaR50y28:assets%2Fmusic%2Fsound-2.ogghR6tgoR2i194090R3R49R5R52R51aR50R52hgoR2i2586R3y5:SOUNDR5y26:assets%2Fsfx%2Fsound-1.mp3R51aR54y26:assets%2Fsfx%2Fsound-1.ogghR6tgoR2i210721R3R53R5y27:assets%2Fsfx%2Fsound-35.mp3R51aR56y27:assets%2Fsfx%2Fsound-35.ogghR6tgoR2i194090R3R53R5R55R51aR54R55hgoR2i194090R3R53R5R57R51aR56R57hgoR0y29:assets%2Fdata%2Fbehaviors.mbsR2i12609R3y6:BINARYR5R58R6tgoR0y24:assets%2Fdata%2Fgame.mbsR2i1550R3R59R5R60R6tgoR0y34:assets%2Fdata%2Finner-joystick.pngR2i938R3R4R5R61R6tgoR0y41:assets%2Fdata%2Finner-joystick%401.5x.pngR2i1862R3R4R5R62R6tgoR0y39:assets%2Fdata%2Finner-joystick%402x.pngR2i2524R3R4R5R63R6tgoR0y39:assets%2Fdata%2Finner-joystick%404x.pngR2i7739R3R4R5R64R6tgoR0y34:assets%2Fdata%2Fouter-joystick.pngR2i938R3R4R5R65R6tgoR0y41:assets%2Fdata%2Fouter-joystick%401.5x.pngR2i1862R3R4R5R66R6tgoR0y39:assets%2Fdata%2Fouter-joystick%402x.pngR2i2524R3R4R5R67R6tgoR0y39:assets%2Fdata%2Fouter-joystick%404x.pngR2i7739R3R4R5R68R6tgoR0y29:assets%2Fdata%2Fresources.mbsR2i7862R3R59R5R69R6tgoR0y27:assets%2Fdata%2Fscene-1.mbsR2i1359R3R59R5R70R6tgoR0y27:assets%2Fdata%2Fscene-1.scnR2i421R3R59R5R71R6tgoR0y26:assets%2Fdata%2Fscenes.mbsR2i75R3R59R5R72R6tgh","rootPath":null,"version":2,"libraryArgs":[],"libraryType":null}